organization_id,currency_id,symbol,unicode,name,description,created,created_by,updated,updated_by,active
20519e5c-eab8-4b63-9dce-433ce9141ec6,505d2da9-6424-4b93-84f4-13b3e0ed1516,UAH,UAH,UAH,"In quis justo. Maecenas rhoncus aliquam lacus. Morbi quis tortor id nulla ultrices aliquet. Maecenas leo odio, condimentum id, luctus nec, molestie sed, justo. Pellentesque viverra pede ac diam. Cras pellentesque volutpat dui. Maecenas tristique, est et tempus semper, est quam pharetra magna, ac consequat metus sapien ut nunc.",8/3/2015,9870b8c0-e418-4539-b6e0-45bffafef80a,,,true
4d63a23e-644f-4d10-aa54-04b8fa322df3,a60c99f3-510f-4db4-9a32-9c104ead7f11,IDR,IDR,IDR,"Donec quis orci eget orci vehicula condimentum. Curabitur in libero ut massa volutpat convallis. Morbi odio odio, elementum eu, interdum eu, tincidunt in, leo. Maecenas pulvinar lobortis est. Phasellus sit amet erat. Nulla tempus. Vivamus in felis eu sapien cursus vestibulum. Proin eu mi. Nulla ac enim. In tempor, turpis nec euismod scelerisque, quam turpis adipiscing lorem, vitae mattis nibh ligula nec sem.",5/13/2016,dd77cdc8-baca-4b43-91a9-a6c52747634d,10/16/2015,394f0f53-0a91-47e2-b369-3079fe00d68d,true
bb69a313-c0b4-419b-ae0b-a8e4d0a29150,4fa8abb1-e670-4b33-8cea-a374a97650df,THB,THB,THB,"Morbi vel lectus in quam fringilla rhoncus. Mauris enim leo, rhoncus sed, vestibulum sit amet, cursus id, turpis. Integer aliquet, massa id lobortis convallis, tortor risus dapibus augue, vel accumsan tellus nisi eu orci. Mauris lacinia sapien quis libero. Nullam sit amet turpis elementum ligula vehicula consequat. Morbi a ipsum. Integer a nibh. In quis justo.",5/23/2016,c44a8f52-13e2-48e5-97ef-bab534824fd2,,,false
dc786de7-1bd8-4ec1-bc9b-067627c7d206,636dbbcb-d231-42c2-b0a6-c95b9e8baa22,CNY,CNY,CNY,"Vestibulum sed magna at nunc commodo placerat. Praesent blandit. Nam nulla. Integer pede justo, lacinia eget, tincidunt eget, tempus vel, pede. Morbi porttitor lorem id ligula. Suspendisse ornare consequat lectus. In est risus, auctor sed, tristique in, tempus sit amet, sem. Fusce consequat. Nulla nisl.",3/31/2016,68942a8b-992d-4b5b-89de-00b592747b86,,,false
a2366815-cb16-469d-bd28-7abcb682c69c,8c13d99c-bbf0-4a42-8486-6ae044c08795,EUR,EUR,EUR,"Lorem ipsum dolor sit amet, consectetuer adipiscing elit. Proin interdum mauris non ligula pellentesque ultrices. Phasellus id sapien in sapien iaculis congue.",2/25/2016,a86385b6-988b-42ec-8140-dabf944d72ff,,,true
8cf69547-40e5-45d6-833f-cafa86ed76af,ba324145-8fe5-4871-9758-59dd78e78fe8,BRL,BRL,BRL,Suspendisse potenti. Cras in purus eu magna vulputate luctus.,4/3/2016,85a96b77-5569-4b7a-a32e-a20161c274ed,,,true
6f8e675f-c2c0-484b-a22e-101ed9c89a5e,83e5baa4-bde6-4b52-ac4a-48d319ac98f1,RUB,RUB,RUB,"In hac habitasse platea dictumst. Morbi vestibulum, velit id pretium iaculis, diam erat fermentum justo, nec condimentum neque sapien placerat ante. Nulla justo. Aliquam quis turpis eget elit sodales scelerisque. Mauris sit amet eros.",1/27/2016,b455a2b1-86a1-427b-952c-cd0550d91384,,,true
3baf5e70-4eba-4675-99d2-6e72e0032bbf,22ed061d-0c46-4f60-b011-0f5955e8db0a,IRR,IRR,IRR,"Vivamus vel nulla eget eros elementum pellentesque. Quisque porta volutpat erat. Quisque erat eros, viverra eget, congue eget, semper rutrum, nulla. Nunc purus. Phasellus in felis. Donec semper sapien a libero.",7/20/2015,34bcd96c-b500-4781-aaf8-e14838358643,,,true
644bc441-98a2-4864-b023-40639f0614c6,f5ce237e-3dc7-4566-8ae4-8facf9bb887f,MKD,MKD,MKD,"Integer ac leo. Pellentesque ultrices mattis odio. Donec vitae nisi. Nam ultrices, libero non mattis pulvinar, nulla pede ullamcorper augue, a suscipit nulla elit ac nulla. Sed vel enim sit amet nunc viverra dapibus. Nulla suscipit ligula in lacus. Curabitur at ipsum ac tellus semper interdum.",12/4/2015,08082342-9d25-4953-a57b-288911ed0645,,,true
92b6a8ce-b4f6-43db-bcc8-4f02f07ef035,4e831168-77f8-42bb-9a3c-a9e49cf0403d,EGP,EGP,EGP,"Nulla ac enim. In tempor, turpis nec euismod scelerisque, quam turpis adipiscing lorem, vitae mattis nibh ligula nec sem. Duis aliquam convallis nunc. Proin at turpis a pede posuere nonummy. Integer non velit. Donec diam neque, vestibulum eget, vulputate ut, ultrices vel, augue.",7/5/2015,a86385b6-988b-42ec-8140-dabf944d72ff,,,true
684e8317-aada-45fd-ba60-06f712c59876,1cc9411d-be1f-49ad-b268-261b33fd615c,KZT,KZT,KZT,"Cras mi pede, malesuada in, imperdiet et, commodo vulputate, justo. In blandit ultrices enim. Lorem ipsum dolor sit amet, consectetuer adipiscing elit. Proin interdum mauris non ligula pellentesque ultrices. Phasellus id sapien in sapien iaculis congue. Vivamus metus arcu, adipiscing molestie, hendrerit at, vulputate vitae, nisl. Aenean lectus. Pellentesque eget nunc. Donec quis orci eget orci vehicula condimentum. Curabitur in libero ut massa volutpat convallis.",4/20/2016,0e5561dd-a0fc-46ec-ae5e-da0408b5a459,,,false
b0d6d111-9f3a-4015-a939-6b54d5571fb4,f3b80e81-2186-4dd3-8dc3-8e93df39413f,NGN,NGN,NGN,"Maecenas ut massa quis augue luctus tincidunt. Nulla mollis molestie lorem. Quisque ut erat. Curabitur gravida nisi at nibh. In hac habitasse platea dictumst. Aliquam augue quam, sollicitudin vitae, consectetuer eget, rutrum at, lorem.",5/15/2016,623d4971-6ca3-4c2b-990b-cbc88e209a6f,,,true
3ef2f097-cdf7-405d-b4fa-e204ec61bc0d,b4ec6327-ce98-4ba9-bb9b-bc41cfb93bfa,DOP,DOP,DOP,In hac habitasse platea dictumst. Etiam faucibus cursus urna. Ut tellus. Nulla ut erat id mauris vulputate elementum. Nullam varius. Nulla facilisi. Cras non velit nec nisi vulputate nonummy. Maecenas tincidunt lacus at velit.,12/11/2015,e34e402e-c7e5-48f4-98ef-ef125fa16549,3/17/2016,aba047f4-1b84-437c-8967-b306a66c1a1a,false
3c02c027-04a2-48f1-8c6c-1e9173d273b3,eec34103-8b58-424e-9c50-dbb95fda7560,PLN,PLN,PLN,In quis justo. Maecenas rhoncus aliquam lacus. Morbi quis tortor id nulla ultrices aliquet.,3/4/2016,26440ce9-fe02-4d9a-807f-ab377b8f0047,,,false
4845f675-8678-40a9-83e7-e210f58ebeec,e6b94696-06d4-4bb5-b121-b9cce0871971,PHP,PHP,PHP,Suspendisse potenti. In eleifend quam a odio. In hac habitasse platea dictumst. Maecenas ut massa quis augue luctus tincidunt. Nulla mollis molestie lorem.,2/27/2016,f400f9ee-ca31-431d-8e46-9cb5547673a0,,,false
2d41c49c-50f1-4441-bff3-c4c37b667060,425ca133-9723-4a1e-b410-66d5fd732948,PAB,PAB,PAB,"Suspendisse ornare consequat lectus. In est risus, auctor sed, tristique in, tempus sit amet, sem.",5/13/2016,a2d3c3ab-e3ef-4431-8289-ea9278d63fcb,,,false
097f6576-54c2-424a-8196-28c698d016b8,05824ecb-19b8-4b20-bb02-1f08cd77fa6c,SEK,SEK,SEK,"Suspendisse ornare consequat lectus. In est risus, auctor sed, tristique in, tempus sit amet, sem. Fusce consequat. Nulla nisl. Nunc nisl. Duis bibendum, felis sed interdum venenatis, turpis enim blandit mi, in porttitor pede justo eu massa. Donec dapibus. Duis at velit eu est congue elementum. In hac habitasse platea dictumst.",3/24/2016,8c25e436-59bd-43cb-ace8-3c2892fab0d6,,,true
59cea1de-5b75-43ca-bbe8-d7baaafc7d5a,05e10dc6-14f5-4754-ba0c-ae810e944dcf,USD,USD,USD,"Duis consequat dui nec nisi volutpat eleifend. Donec ut dolor. Morbi vel lectus in quam fringilla rhoncus. Mauris enim leo, rhoncus sed, vestibulum sit amet, cursus id, turpis. Integer aliquet, massa id lobortis convallis, tortor risus dapibus augue, vel accumsan tellus nisi eu orci.",5/11/2016,c2af1683-5f20-4024-94ed-751105d301a9,,,false
16b2236f-2b45-4164-b89c-79c91c1ac35a,c22d86ab-663d-4d91-bbb9-0670d50aa3b1,MXN,MXN,MXN,"In est risus, auctor sed, tristique in, tempus sit amet, sem. Fusce consequat. Nulla nisl. Nunc nisl. Duis bibendum, felis sed interdum venenatis, turpis enim blandit mi, in porttitor pede justo eu massa. Donec dapibus. Duis at velit eu est congue elementum. In hac habitasse platea dictumst.",5/30/2016,32125e08-b0e7-4ca7-86fd-476401fc62e8,,,true
77504086-d9dd-47c2-a879-17f31ab51c48,23327e63-7100-4662-84f8-e7cc1f4faa34,VEF,VEF,VEF,"Proin risus. Praesent lectus. Vestibulum quam sapien, varius ut, blandit non, interdum in, ante. Vestibulum ante ipsum primis in faucibus orci luctus et ultrices posuere cubilia Curae; Duis faucibus accumsan odio. Curabitur convallis. Duis consequat dui nec nisi volutpat eleifend. Donec ut dolor.",9/6/2015,2ac361c0-db77-4a73-821d-fd798639c01b,,,false
93b95c6d-58c5-435e-acdb-968941f13778,6102828f-615f-4ae4-9a0b-5b32b2fa6704,CZK,CZK,CZK,"Vivamus metus arcu, adipiscing molestie, hendrerit at, vulputate vitae, nisl. Aenean lectus. Pellentesque eget nunc. Donec quis orci eget orci vehicula condimentum. Curabitur in libero ut massa volutpat convallis. Morbi odio odio, elementum eu, interdum eu, tincidunt in, leo. Maecenas pulvinar lobortis est. Phasellus sit amet erat.",6/2/2016,31acbb92-c1f3-4774-8af4-ef4b0ef0fe3a,,,false
3e56e5f4-ac29-45f9-a3cd-c18138d5e846,48ced9c5-8254-406b-91cd-08c43753af8a,BIF,BIF,BIF,Suspendisse potenti. Nullam porttitor lacus at turpis. Donec posuere metus vitae ipsum. Aliquam non mauris. Morbi non lectus.,6/23/2016,de625c43-3d57-4c9d-a421-a3fbad71bdbe,,,true
